Name	pool	Minimum	Maximum	ul	Sequence (with extension)	Length	%GC	Size
21585_E_02_F	e	21585	21611	10	TGCCACTAGTCTCTAGTCAGTGTGTTA	27	44.4	150
21709_E_02_R	e	21709	21734	10	AAGGTAAGAACAAGTCCTGAGTTGAA	26	38.5	150
21774_E_04_F	e	21774	21796	10	CTGGGACCAATGGTACTAAGAGG	23	52.2	143
21895_E_04_R	e	21895	21916	10	AAGTAGGGACTGGGTCTTCGAA	22	50	143
22000_E_06_F	e	22000	22027	10	CAAAAACAACAAAAGTTGGATGGAAAGT	28	32.1	203
22175_E_06_R	e	22175	22202	10	GCACTAAATTAATAGGCGTGTGCTTAGA	28	39.3	203
22207_E_08_F	e	22207	22231	12.5	TCTCCCTCAGGGTTTTTCGGCTTTA	25	48	222
22402_E_08_R	e	22402	22428	12.5	ACAGCATCTGTAATGGTTCCATTTTCA	27	37	222
22461_E_10_F	e	22461	22486	15	AGTGTACGTTGAAATCCTTCACTGTA	26	38.5	190
22628_E_10_R	e	22628	22650	15	GCAACACAGTTGCTGATTCTCTT	23	43.5	190
22659_E_12_F	e	22659	22685	15	CTGTCCTATATAATYYCGCAYCATTTT	27	33.3	153
22794_E_12_R	e	22794	22811	15	TTCCAGTTTGCCCTGGAG	18	55.6	153
22851_E_14_F	e	22851	22874	10	CAGGCTGCGTTATAGCTTGGAATT	24	45.8	148
22977_E_14_R	e	22977	22998	10	GGTKTGCTACCGGCCTGATAGA	22	57.1	148
23076_E_16_F	e	23076	23102	10	ACCAACCATACAGAGTAGTAGTACTTT	27	37	177
23229_E_16_R	e	23229	23252	10	GTTGGAAAGGCAGAAACTTTTTGT	24	37.5	177
23330_E_18_F	e	23330	23355	7.5	TGTTCTTTTGGTGGTGTCAGTGTTAT	26	38.5	180
23489_E_18_R	e	23489	23509	7.5	ACAGCCTGCACGTGTTTGAAA	21	47.6	180
23513_E_20_F	e	23513	23534	10	ATAGGGGCTGAAYATGTCAACA	22	42.9	142
23630_E_20_R	e	23630	23654	10	ACATAGTGTAGGCAATGATGGATTG	25	40	142
23691_E_22_F	e	23691	23719	7.5	ACTCTATTGCCATACCCAYAAATTTTACT	29	32.1	185
23850_E_22_R	e	23850	23875	7.5	AGCTATTCCAGTTAAAGCACGKTTTA	26	36	185
23881_E_24_F	e	23881	23905	10	ACAAGACAAAAACACCCAAGAAGTT	25	36	177
24035_E_24_R	e	24035	24057	10	CCAGCATCTGCAAGTGTCACTTT	23	47.8	177
24145_E_26_F	e	24145	24165	7.5	GCCACCTTTGCTCACAGATGA	21	52.4	194
24314_E_26_R	e	24314	24338	7.5	GGTTGGCAATCAATTTTTGGTTCTC	25	40	194
24355_E_30_F	e	24355	24381	12.5	TGGCAAAATTCAAGACTCACTTTCTTC	25	36	183
24516_E_30_R	e	24516	24539	12.5	TGCACTTCAGCCTCAACTTTGT	22	45.5	183
24560_E_32_F	e	24560	24585	10	AGACTTCAAAGTTTGCAGACATATGT	26	34.6	146
24681_E_32_R	e	24681	24705	10	TGATAGCCCTTTCCACAAAAATCAA	25	36	146
24714_E_34_F	e	24714	24736	10	CCTTCCCTCAGTCAGCACCTCAT	23	56.5	156
24847_E_34_R	e	24847	24869	10	ACCAGTGTGTGCCATTTGAAACA	23	43.5	156
24896_E_36_F	e	24896	24922	12.5	CCACAAATCATTACTACAGACAACACA	27	37	187
25061_E_36_R	e	25061	25082	12.5	CATTAATGCCAGAGATGTCACC	22	45.5	187
25096_E_38_F	e	25096	25120	7.5	CATTCAAAAAGAAATTGACCGCCTC	25	40	188
25262_E_38_R	e	25262	25283	7.5	AGCAACTGGTCATACAGCAAAG	22	45.5	188
25286_E_40_F	e	25286	25307	7.5	AGTTGTCTCAAGGGCTGTTGTT	22	45.5	145
25405_E_40_R	e	25405	25430	7.5	ACAGTTCCAATTGTGAAGATTCTCAT	26	34.6	145
21513_O_01_F	o	21513	21541	7.5	CAACAGAGTTGTTATTTCTAGTGATGTTC	29	34.5	156
21646_O_01_R	o	21646	21668	7.5	CACCACGTGTGAAAGAATTAGTG	23	43.5	156
21679_O_03_F	o	21679	21704	15	TGACAAAGTTTTCAGATCCTCAGTTT	26	34.6	182
21835_O_03_R	o	21835	21860	15	TGTTAGACTTCTCARTGGAAGCAAAA	26	36	182
21866_O_05_F	o	21866	21890	10	AGAGGCTGGATTTTTGGTACTACTT	25	40	221
22061_O_05_R	o	22061	22086	10	AAAGGCTGAGAGACATATTCAAAAGT	26	34.6	221
22092_O_07_F	o	22092	22116	10	TGGACCTTGAAGGAAAACAGGGTAA	25	44	179
22243_O_07_R	o	22243	22270	10	AGTGATGTTAATACCTATTGGCAAATCT	28	32.1	179
22340_O_09_F	o	22340	22362	12.5	GCTGGTGCTGCAGCTTATTATGT	23	47.8	195
22511_O_09_R	o	22511	22534	12.5	TTCTGTTGGTTGGACTCTAAAGTT	24	37.5	195
22589_O_11_F	o	22589	22609	12.5	AACGCCACCAGATTTGCATCT	21	47.6	165
22727_O_11_R	o	22727	22753	12.5	TGCATAGACATTAGTAAAGCAGAGATC	27	37	165
22767_O_13_F	o	22767	22792	12.5	TTAGAGGTGATGAAGTCAGACAAATC	26	38.5	173
22911_O_13_R	o	22911	22939	12.5	AGACTTCCTAAACAATCTATACAGGTAAT	29	31	173
22930_O_15_F	o	22930	22956	25	TAGGAAGTCTAATCTCAAACCTTTTGA	27	33.3	198
23105_O_15_R	o	23105	23127	25	GCTGGTGCATGTAGAAGTTCAAA	23	43.5	198
23193_O_17_F	o	23193	23215	10	ATGGTTTAACAGGCACAGGTGTT	23	43.5	208
23375_O_17_R	o	23375	23400	10	TGATAAAGAACAGCAACCTGGTTAGA	26	38.5	208
23408_O_19_F	o	23408	23429	10	AACTGCACAGAAGTCCCTGTTG	22	50	172
23558_O_19_R	o	23558	23579	10	TAGCGCATATACCTGCACCAAT	22	45.5	172
23607_O_21_F	o	23607	23624	10	GGCGGGCACGTAGTGTAG	18	66.7	146
23726_O_21_R	o	23726	23752	10	AGACACTGGTAGAATTTCTGTGGTAAC	27	40.7	146
23792_O_23_F	o	23792	23816	10	GGTGATTCAACTGAATGCAGCAATC	25	44	150
23916_O_23_R	o	23916	23941	10	TGGTGGTGTTTTGTAAATTTGTTTGA	26	30.8	150
23995_O_25_F	o	23995	24021	10	ACCAAGCAAGAGGTCATTTATTGAAGA	27	37	208
24179_O_25_R	o	24179	24202	10	ACCCGCTAACAGTGCAGAAGTGTA	24	50	208
24231_O_29_F	o	24231	24257	10	CAGGTGCTGCATTACAAATACCATTTG	27	40.7	193
24399_O_29_R	o	24399	24423	10	TGGTTGACCACATYTTGAAGTTTTC	25	37.5	193
24434_O_31_F	o	24434	24460	7.5	GCTTTAAACACGCTTGTTAAACAACTT	27	33.3	190
24601_O_31_R	o	24601	24623	7.5	AAGCTCTGATTTCTGCAGCTCTA	23	43.5	190
24648_O_33_F	o	24648	24673	7.5	TGTCAGAGTGTGTACTTGGACAATCA	26	42.3	154
24779_O_33_R	o	24779	24801	7.5	GCAGGAGCAGTTGTGAAGTTCTT	23	47.8	154
24802_O_35_F	o	24802	24826	10	CATTTGTCATGATGGAAAAGCACAC	25	40	146
24924_O_35_R	o	24924	24947	10	CAACATCACAGTTACCAGACACAA	24	41.7	146
24970_O_37_F	o	24970	24992	10	AGTTTATGATCCTTTGCAACCTG	23	39.1	177
25124_O_37_R	o	25124	25146	10	TCATTTAAATTCTTGGCAACCTC	23	34.8	177
25202_O_39_F	o	25202	25227	10	TGGTACATTTGGCTAGGTTTTATAGC	26	38.5	153
25334_O_39_R	o	25334	25354	10	CACTGGCTCAGAGTCGTCTTC	21	57.1	153
